Name, Mens Average Salary, Womens Average Salary
A+ Investments,192,196
A Plus Lawn Care,238,185
Access Asia,236,187
Accord Investments,201,136
Acuserv,248,107
Adapt,153,153
Adaptabiz,246,197
Adaptas,194,187
Adaptaz,235,176
Advansed Teksyztems,239,114
Affinity Investment Group,177,123
Afforda,168,170
Afforda Merchant Services,245,157
Alert Alarm Company,191,101
Alladin Realty,172,169
Architectural Genie,180,106
Asian Answers,150,100
Asian Fusion,187,191
Asian Junction,167,155
Asian Plan,238,106
Asian Solutions,224,125
Asiatic Solutions,238,190
Atlas Architectural Designs,169,169
Atlas Realty,152,151
Avant Garde Appraisal,212,157
Avant Garde Appraisal Group,213,158
Avant Garde Interior Designs,240,151
Awthentikz,172,145
Back To Basics Chiropractic Clinic,188,138
Balanced Fortune,182,177
Beasts of Beauty,213,179
Belle Ladi,167,104
Belle Lady,225,108
Benesome,187,199
Best Biz Survis,158,119
Better Business Ideas and Services,195,146
Buena Vista Garden Maintenance,235,101
Buena Vista Realty Service,194,106
Body Fate,224,151
Body Toning,169,119
Bold Ideas,217,185
Bonanza Produce Stores,154,182
Bountiful Harvest Health Food Store,206,137
Brilliant Home Designs,211,192
Capitalcorp,204,131
Castle Realty,169,200
Chargepal,177,163
Choices,236,198
Circuit Design,243,102
Complete Tech,188,121
Corinthian Designs,199,122
Corpbay,180,163
Cougar Investment,169,137
Crazy Tiger,184,131
Creative Wealth,225,120
Creative Wealth Management,189,179
Custom Lawn Care,164,146
Custom Lawn Service,234,116
Cut Above,234,168
Cut Rite,232,195
Cut Rite Lawn Care,184,147
Datacorp,167,167
Desert Garden Help,243,170
Destiny Planners,173,163
Destiny Realty,226,145
Destiny Realty Solutions,213,160
Dream Home Improvements,195,169
Dream Home Real Estate Service,194,162
Dreamscape Garden Care,215,163
Dun Rite Lawn Care,201,137
Dun Rite Lawn Maintenance,230,166
Dynatronics Accessories,237,185
E-zhe Source,207,115
Earthworks Garden Kare,196,107
Earthworks Yard Maintenance,220,176
Eden Lawn Service,188,155
Edge Garden Services,233,200
Edge Yard Service,206,109
Ejecta,242,157
Electronic Geek,169,143
Electronics Source,246,189
Enrich Garden Services,184,131
Enviro Architectural Designs,230,176
Environ Architectural Design,211,163
EnviroSource Design,160,152
Envirotecture Design,164,145
Envirotecture Design Service,195,135
Exact Realty,215,181
Exact Solutions,233,184
Excella,248,135
Express Merchant Service,153,167
Fellowship Investments,223,119
Fireball,236,198
First Choice Garden Maintenance,165,141
First Choice Yard Help,217,173
First Rate Choice,157,158
Fit Tonic,226,104
Flexus,215,199
